{"cameraMode":{"drawMode":0,"name":"Shaded","section":"Shading Mode"},"sceneLighting":true,"audioPlay":false,"sceneViewState":{"showFog":true,"showMaterialUpdate":false,"showSkybox":true,"showFlares":true,"showImageEffects":true,"showParticleSystems":true,"showVisualEffectGraphs":true,"m_FxEnabled":true},"in2DMode":false,"pivot":{"x":-7.322083473205566,"y":-0.7441768646240234,"z":37.949928283691409},"rotation":{"x":0.058339789509773257,"y":-0.06584005802869797,"z":0.003857269650325179,"w":0.9961226582527161},"size":19.7875919342041,"orthographic":false}