{"cameraMode":{"drawMode":0,"name":"Shaded","section":"Shading Mode"},"sceneLighting":true,"audioPlay":false,"sceneViewState":{"showFog":true,"showMaterialUpdate":false,"showSkybox":true,"showFlares":true,"showImageEffects":true,"showParticleSystems":true,"showVisualEffectGraphs":true,"m_FxEnabled":true},"in2DMode":false,"pivot":{"x":38.79682540893555,"y":13.935214042663575,"z":-111.47285461425781},"rotation":{"x":0.15834012627601624,"y":-0.31577467918395998,"z":0.011775572784245015,"w":0.9386811852455139},"size":13.316971778869629,"orthographic":false}