{"cameraMode":{"drawMode":0,"name":"Shaded","section":"Shading Mode"},"sceneLighting":false,"audioPlay":false,"sceneViewState":{"showFog":true,"showMaterialUpdate":false,"showSkybox":true,"showFlares":true,"showImageEffects":true,"showParticleSystems":true,"showVisualEffectGraphs":true,"m_FxEnabled":true},"in2DMode":false,"pivot":{"x":20.157764434814454,"y":-4.346013069152832,"z":-57.941017150878909},"rotation":{"x":0.17223526537418366,"y":-0.21297487616539002,"z":0.038111891597509387,"w":0.9611155986785889},"size":49.963748931884769,"orthographic":false}